URL,Last crawled
https://puzzlynest.com/category/classic-games,1970-01-01
https://puzzlynest.com/category/creative-play,1970-01-01
https://puzzlynest.com/category/learning-fun,1970-01-01
https://puzzlynest.com/contact,1970-01-01
https://puzzlynest.com/games,1970-01-01
https://puzzlynest.com/games/kids,1970-01-01
https://puzzlynest.com/games/seniors,1970-01-01
https://puzzlynest.com/play/abc-tracing,1970-01-01
https://puzzlynest.com/play/anagram-challenge,1970-01-01
https://puzzlynest.com/play/animal-memory,1970-01-01
https://puzzlynest.com/play/animal-sounds,1970-01-01
https://puzzlynest.com/play/backgammon,1970-01-01
https://puzzlynest.com/play/balloon-pop,1970-01-01
https://puzzlynest.com/play/band-creator,1970-01-01
https://puzzlynest.com/play/basic-math-addition,1970-01-01
https://puzzlynest.com/play/basic-math-subtraction,1970-01-01
https://puzzlynest.com/play/body-parts,1970-01-01
https://puzzlynest.com/play/boggle,1970-01-01
https://puzzlynest.com/play/brain-teasers,1970-01-01
https://puzzlynest.com/play/break-the-bricks,1970-01-01
https://puzzlynest.com/play/bubble-pop,1970-01-01
https://puzzlynest.com/play/butterfly-catch,1970-01-01
https://puzzlynest.com/play/cake-decorator,1970-01-01
https://puzzlynest.com/play/candy-collect,1970-01-01
https://puzzlynest.com/play/catch-the-fruit,1970-01-01
https://puzzlynest.com/play/checkers,1970-01-01
https://puzzlynest.com/play/chess-puzzles,1970-01-01
https://puzzlynest.com/play/clock-reading,1970-01-01
https://puzzlynest.com/play/color-learning,1970-01-01
https://puzzlynest.com/play/color-match,1970-01-01
https://puzzlynest.com/play/coloring-book,1970-01-01
https://puzzlynest.com/play/coloring-mandala,1970-01-01
https://puzzlynest.com/play/connect-four,1970-01-01
https://puzzlynest.com/play/counting-fun,1970-01-01
https://puzzlynest.com/play/cribbage,1970-01-01
https://puzzlynest.com/play/cryptogram,1970-01-01
https://puzzlynest.com/play/dominoes,1970-01-01
https://puzzlynest.com/play/dot-connect,1970-01-01
https://puzzlynest.com/play/drawing-pad,1970-01-01
https://puzzlynest.com/play/dress-up,1970-01-01
https://puzzlynest.com/play/endless-runner,1970-01-01
https://puzzlynest.com/play/face-maker,1970-01-01
https://puzzlynest.com/play/fish-feeding,1970-01-01
https://puzzlynest.com/play/flying-game,1970-01-01
https://puzzlynest.com/play/garden-planting,1970-01-01
https://puzzlynest.com/play/gin-rummy,1970-01-01
https://puzzlynest.com/play/hangman,1970-01-01
https://puzzlynest.com/play/hearts,1970-01-01
https://puzzlynest.com/play/hidden-objects,1970-01-01
https://puzzlynest.com/play/jigsaw-easy,1970-01-01
https://puzzlynest.com/play/jigsaw-hard,1970-01-01
https://puzzlynest.com/play/jigsaw-medium,1970-01-01
https://puzzlynest.com/play/jump-adventure,1970-01-01
https://puzzlynest.com/play/kakuro,1970-01-01
https://puzzlynest.com/play/logic-grid,1970-01-01
https://puzzlynest.com/play/mahjong-solitaire,1970-01-01
https://puzzlynest.com/play/match-three-zen,1970-01-01
https://puzzlynest.com/play/memory-cards-advanced,1970-01-01
https://puzzlynest.com/play/memory-match,1970-01-01
https://puzzlynest.com/play/mental-math,1970-01-01
https://puzzlynest.com/play/minesweeper,1970-01-01
https://puzzlynest.com/play/money-counting,1970-01-01
https://puzzlynest.com/play/mosaic-puzzles,1970-01-01
https://puzzlynest.com/play/music-maker,1970-01-01
https://puzzlynest.com/play/nonogram,1970-01-01
https://puzzlynest.com/play/number-bonds,1970-01-01
https://puzzlynest.com/play/number-sequence,1970-01-01
https://puzzlynest.com/play/pattern-completion,1970-01-01
https://puzzlynest.com/play/pattern-designer,1970-01-01
https://puzzlynest.com/play/pattern-master,1970-01-01
https://puzzlynest.com/play/penguin-slide,1970-01-01
https://puzzlynest.com/play/pet-salon,1970-01-01
https://puzzlynest.com/play/phonics-sounds,1970-01-01
https://puzzlynest.com/play/pixel-art,1970-01-01
https://puzzlynest.com/play/pizza-maker,1970-01-01
https://puzzlynest.com/play/pyramid-solitaire,1970-01-01
https://puzzlynest.com/play/racing-simple,1970-01-01
https://puzzlynest.com/play/reversi,1970-01-01
https://puzzlynest.com/play/room-decorator,1970-01-01
https://puzzlynest.com/play/seasons-weather,1970-01-01
https://puzzlynest.com/play/shape-matching,1970-01-01
https://puzzlynest.com/play/sight-words,1970-01-01
https://puzzlynest.com/play/simon-says,1970-01-01
https://puzzlynest.com/play/solitaire-freecell,1970-01-01
https://puzzlynest.com/play/solitaire-klondike,1970-01-01
https://puzzlynest.com/play/solitaire-spider,1970-01-01
https://puzzlynest.com/play/space-shooter-kids,1970-01-01
https://puzzlynest.com/play/spatial-reasoning,1970-01-01
https://puzzlynest.com/play/spelling-bee,1970-01-01
https://puzzlynest.com/play/spot-difference,1970-01-01
https://puzzlynest.com/play/stack-blocks,1970-01-01
https://puzzlynest.com/play/stamp-art,1970-01-01
https://puzzlynest.com/play/sticker-scene,1970-01-01
https://puzzlynest.com/play/sudoku-classic,1970-01-01
https://puzzlynest.com/play/sudoku-mini,1970-01-01
https://puzzlynest.com/play/tap-the-mole,1970-01-01
https://puzzlynest.com/play/tile-matching,1970-01-01
https://puzzlynest.com/play/treasure-hunt,1970-01-01
https://puzzlynest.com/play/vocabulary-builder,1970-01-01
https://puzzlynest.com/play/whack-a-mole,1970-01-01
https://puzzlynest.com/play/word-association,1970-01-01
https://puzzlynest.com/play/word-ladder,1970-01-01
https://puzzlynest.com/play/word-search,1970-01-01
https://puzzlynest.com/privacy,1970-01-01
https://puzzlynest.com/terms,1970-01-01
https://puzzlynest.com/tools,1970-01-01
https://puzzlynest.com/tools/crossword-solver,1970-01-01
https://puzzlynest.com/tools/sudoku-solver,1970-01-01
https://puzzlynest.com/tools/word-search-maker,1970-01-01
https://puzzlynest.com/tools/word-unscrambler,1970-01-01